SNP,effect_allele.exposure,other_allele.exposure,effect_allele.outcome,other_allele.outcome,beta.exposure,beta.outcome,eaf.exposure,eaf.outcome,remove,palindromic,ambiguous,id.outcome,chr.outcome,pos.outcome,se.outcome,z.outcome,pval.outcome,samplesize.outcome,outcome,mr_keep.outcome,pval_origin.outcome,chr.exposure,pos.exposure,se.exposure,pval.exposure,exposure,mr_keep.exposure,pval_origin.exposure,id.exposure,action,mr_keep,apoe_region,gws.outcome
rs10756798,T,C,T,C,-0.02425,-0.0163,NA,0.626242,FALSE,FALSE,FALSE,83qogx,9,16739763,0.0157,-1.038216560509554,0.2993,63926,AD,TRUE,reported,9,16739763,0.004115,3.28e-8,SAsnoring,TRUE,reported,u6ODat,2,TRUE,FALSE,FALSE
rs11075985,C,A,C,A,0.017161,-1e-4,NA,0.535974,FALSE,FALSE,FALSE,83qogx,16,53805207,0.0144,0.00694444444444444,0.9931,63926,AD,TRUE,reported,16,53805207,0.003907,5.41e-20,SAsnoring,TRUE,reported,u6ODat,2,TRUE,FALSE,FALSE
rs11634019,T,C,T,C,0.027288,0.037,NA,0.7200869999999999,FALSE,FALSE,FALSE,83qogx,15,76634680,0.0159,-2.32704,0.01983,63926,AD,TRUE,reported,15,76634680,0.00438,1.84e-9,SAsnoring,TRUE,reported,u6ODat,2,TRUE,FALSE,FALSE
rs11852496,T,C,T,C,-0.01918,-0.0036,NA,0.78436,FALSE,FALSE,FALSE,83qogx,15,83817559,0.0169,0.213018,0.8287,63926,AD,TRUE,reported,15,83817559,0.004605,1.71e-6,SAsnoring,TRUE,reported,u6ODat,2,TRUE,FALSE,FALSE
rs12603115,T,C,T,C,-0.01812,-0.0155,NA,0.566958,FALSE,FALSE,FALSE,83qogx,17,46248994,0.0145,-1.0689655172413792,0.2828,63926,AD,TRUE,reported,17,46248994,0.003926,8.14e-10,SAsnoring,TRUE,reported,u6ODat,2,TRUE,FALSE,FALSE
rs1389799,G,A,G,A,0.04184,0.016,NA,0.338428,FALSE,FALSE,FALSE,83qogx,12,65824846,0.0147,1.08844,0.2749,63926,AD,TRUE,reported,12,65824846,0.004032,1.38e-18,SAsnoring,TRUE,reported,u6ODat,2,TRUE,FALSE,FALSE
rs1403848,C,A,C,A,-0.01569,0.0126,NA,0.492159,FALSE,FALSE,FALSE,83qogx,3,77609655,0.0143,-0.8811188811188811,0.3778,63926,AD,TRUE,reported,3,77609655,0.003962,9.3e-9,SAsnoring,TRUE,reported,u6ODat,2,TRUE,FALSE,FALSE
rs1428381,G,A,G,A,0.015265,0.0258,NA,0.702104,FALSE,FALSE,FALSE,83qogx,5,122693901,0.0157,1.64331,0.09961,63926,AD,TRUE,reported,5,122693901,0.004283,4.83e-9,SAsnoring,TRUE,reported,u6ODat,2,TRUE,FALSE,FALSE
rs1444789,T,C,T,C,-0.03701,0.0104,NA,0.78657,FALSE,FALSE,FALSE,83qogx,10,9064361,0.0185,-0.562162,0.5748,63926,AD,TRUE,reported,10,9064361,0.005042,1.1e-9,SAsnoring,TRUE,reported,u6ODat,2,TRUE,FALSE,FALSE
rs1537818,G,A,G,A,-0.01755,0.0284,NA,0.31275,FALSE,FALSE,FALSE,83qogx,1,39647038,0.0155,-1.832258064516129,0.06627000000000001,63926,AD,TRUE,reported,1,39647038,0.004182,1.31e-9,SAsnoring,TRUE,reported,u6ODat,2,TRUE,FALSE,FALSE
rs1815739,T,C,T,C,0.018979,0.0081,NA,0.37536400000000003,FALSE,FALSE,FALSE,83qogx,11,66328095,0.0143,-0.566434,0.5718,63926,AD,TRUE,reported,11,66328095,0.003906,2.1e-8,SAsnoring,TRUE,reported,u6ODat,2,TRUE,FALSE,FALSE
rs227731,T,G,T,G,-0.02603,0.0047,NA,0.543739,FALSE,FALSE,FALSE,83qogx,17,54773238,0.0144,-0.326389,0.7444,63926,AD,TRUE,reported,17,54773238,0.003896,3.96e-9,SAsnoring,TRUE,reported,u6ODat,2,TRUE,FALSE,FALSE
rs2715039,C,A,C,A,-0.01611,-0.0034,NA,0.370774,FALSE,FALSE,FALSE,83qogx,7,84094964,0.0143,-0.237762,0.8113,63926,AD,TRUE,reported,7,84094964,0.003952,2.04e-8,SAsnoring,TRUE,reported,u6ODat,2,TRUE,FALSE,FALSE
rs28758996,G,A,G,A,-0.01282,-0.016,NA,0.48628899999999997,FALSE,FALSE,FALSE,83qogx,12,121960480,0.0159,1.0062893081761006,0.3162,63926,AD,TRUE,reported,12,121960480,0.003963,1.21e-8,SAsnoring,TRUE,reported,u6ODat,2,TRUE,FALSE,FALSE
rs35445111,G,A,G,A,0.04751,-0.0203,NA,0.0807623,FALSE,FALSE,FALSE,83qogx,19,32172047,0.0245,-0.828571,0.4085,63926,AD,TRUE,reported,19,32172047,0.006817,1.62e-11,SAsnoring,TRUE,reported,u6ODat,2,TRUE,FALSE,FALSE
rs4076077,T,C,T,C,-0.01797,-0.0114,NA,0.569197,FALSE,FALSE,FALSE,83qogx,5,170863509,0.0143,-0.7972027972027972,0.4252,63926,AD,TRUE,reported,5,170863509,0.003882,4.26e-9,SAsnoring,TRUE,reported,u6ODat,2,TRUE,FALSE,FALSE
rs4554968,G,A,G,A,0.013381,-0.0098,NA,0.583878,FALSE,FALSE,FALSE,83qogx,12,4372609,0.0153,-0.640523,0.5194,63926,AD,TRUE,reported,12,4372609,0.004011,4.47e-8,SAsnoring,TRUE,reported,u6ODat,2,TRUE,FALSE,FALSE
rs4923536,G,A,G,A,0.025071,-0.0101,NA,0.457485,FALSE,FALSE,FALSE,83qogx,11,28422496,0.0143,-0.706294,0.4832,63926,AD,TRUE,reported,11,28422496,0.003915,7.51e-11,SAsnoring,TRUE,reported,u6ODat,2,TRUE,FALSE,FALSE
rs4987719,T,C,T,C,0.061094999999999997,-0.0202,NA,0.0210603,FALSE,FALSE,FALSE,83qogx,18,60960310,0.0511,-0.3953033268101761,0.6931,63926,AD,TRUE,reported,18,60960310,0.01068,4.72e-9,SAsnoring,TRUE,reported,u6ODat,2,TRUE,FALSE,FALSE
rs592333,G,A,G,A,-0.03997,0.0195,NA,0.489269,FALSE,FALSE,FALSE,83qogx,13,51340315,0.0147,1.32653,0.1848,63926,AD,TRUE,reported,13,51340315,0.004068,1.69e-14,SAsnoring,TRUE,reported,u6ODat,2,TRUE,FALSE,FALSE
rs6038517,G,A,G,A,-0.01703,0.0074,NA,0.290999,FALSE,FALSE,FALSE,83qogx,20,6458205,0.0169,0.43787,0.6614,63926,AD,TRUE,reported,20,6458205,0.0046,2.19e-8,SAsnoring,TRUE,reported,u6ODat,2,TRUE,FALSE,FALSE
rs6113592,G,A,G,A,0.019892,0.0275,NA,0.417664,FALSE,FALSE,FALSE,83qogx,20,22229505,0.015,1.83333,0.06756000000000001,63926,AD,TRUE,reported,20,22229505,0.003998,7.82e-11,SAsnoring,TRUE,reported,u6ODat,2,TRUE,FALSE,FALSE
rs6265,T,C,T,C,-0.02198,0.0228,NA,0.16364,FALSE,FALSE,FALSE,83qogx,11,27679916,0.0179,1.2737430167597763,0.2019,63926,AD,TRUE,reported,11,27679916,0.00501,1.79e-14,SAsnoring,TRUE,reported,u6ODat,2,TRUE,FALSE,FALSE
rs633715,T,C,T,C,-0.02466,-0.0085,NA,0.823091,FALSE,FALSE,FALSE,83qogx,1,177852580,0.0182,0.467033,0.6399,63926,AD,TRUE,reported,1,177852580,0.004898,3.49e-8,SAsnoring,TRUE,reported,u6ODat,2,TRUE,FALSE,FALSE
rs7005777,T,G,T,G,0.017513,0.0052,NA,0.743008,FALSE,FALSE,FALSE,83qogx,8,78233600,0.0163,0.31901840490797545,0.7517,63926,AD,TRUE,reported,8,78233600,0.00433,1.12e-8,SAsnoring,TRUE,reported,u6ODat,2,TRUE,FALSE,FALSE
rs72902175,T,C,T,C,0.035999,0.0117,NA,0.129811,FALSE,FALSE,FALSE,83qogx,2,157013035,0.0217,0.5391705069124424,0.5893,63926,AD,TRUE,reported,2,157013035,0.005866,3.67e-14,SAsnoring,TRUE,reported,u6ODat,2,TRUE,FALSE,FALSE
rs8045335,G,A,G,A,-0.02374,0.0116,NA,0.574128,FALSE,FALSE,FALSE,83qogx,16,60607116,0.0144,0.805556,0.419,63926,AD,TRUE,reported,16,60607116,0.003922,1.24e-8,SAsnoring,TRUE,reported,u6ODat,2,TRUE,FALSE,FALSE
rs8176749,T,C,T,C,-0.03212,-0.002,NA,0.147166,FALSE,FALSE,FALSE,83qogx,9,136131188,0.0272,-0.07352941176470588,0.94,63926,AD,TRUE,reported,9,136131188,0.007433,3.78e-9,SAsnoring,TRUE,reported,u6ODat,2,TRUE,FALSE,FALSE
rs9933881,T,C,T,C,-0.03664,0.001,NA,0.9173913,FALSE,FALSE,FALSE,83qogx,16,1740691,0.0272,-0.0367647,0.9712,63926,AD,TRUE,reported,16,1740691,0.007183,2.54e-8,SAsnoring,TRUE,reported,u6ODat,2,TRUE,FALSE,FALSE
