SNP,effect_allele.exposure,other_allele.exposure,effect_allele.outcome,other_allele.outcome,beta.exposure,beta.outcome,eaf.exposure,eaf.outcome,remove,palindromic,ambiguous,id.outcome,chr.outcome,pos.outcome,se.outcome,z.outcome,pval.outcome,samplesize.outcome,outcome,mr_keep.outcome,pval_origin.outcome,chr.exposure,pos.exposure,se.exposure,pval.exposure,exposure,mr_keep.exposure,pval_origin.exposure,id.exposure,action,mr_keep,apoe_region,gws.outcome,X13,proxy.outcome,target_snp.outcome,proxy_snp.outcome,target_a1.outcome,proxy_a1.outcome,target_a2.outcome,proxy_a2.outcome
rs10756798,T,C,T,C,-0.02425,-0.0163,NA,0.626242,FALSE,FALSE,FALSE,pvjE15,9,16739763,0.0157,-1.038216560509554,0.2993,63926,AD,TRUE,reported,9,16739763,0.004115,3.28e-8,SAsnoring,TRUE,reported,SEc4H6,2,TRUE,FALSE,FALSE,NA,NA,NA,NA,NA,NA,NA,NA
rs11075985,C,A,C,A,0.017161,-1e-4,NA,0.535974,FALSE,FALSE,FALSE,pvjE15,16,53805207,0.0144,0.00694444444444444,0.9931,63926,AD,TRUE,reported,16,53805207,0.003907,5.41e-20,SAsnoring,TRUE,reported,SEc4H6,2,TRUE,FALSE,FALSE,NA,NA,NA,NA,NA,NA,NA,NA
rs11634019,T,C,T,C,0.027288,0.037,NA,0.7200869999999999,FALSE,FALSE,FALSE,pvjE15,15,76634680,0.0159,-2.32704,0.01983,63926,AD,TRUE,reported,15,76634680,0.00438,1.84e-9,SAsnoring,TRUE,reported,SEc4H6,2,TRUE,FALSE,FALSE,NA,NA,NA,NA,NA,NA,NA,NA
rs11852496,T,C,T,C,-0.01918,-0.0036,NA,0.78436,FALSE,FALSE,FALSE,pvjE15,15,83817559,0.0169,0.213018,0.8287,63926,AD,TRUE,reported,15,83817559,0.004605,1.71e-6,SAsnoring,TRUE,reported,SEc4H6,2,TRUE,FALSE,FALSE,NA,NA,NA,NA,NA,NA,NA,NA
rs12603115,T,C,T,C,-0.01812,-0.0155,NA,0.566958,FALSE,FALSE,FALSE,pvjE15,17,46248994,0.0145,-1.0689655172413792,0.2828,63926,AD,TRUE,reported,17,46248994,0.003926,8.14e-10,SAsnoring,TRUE,reported,SEc4H6,2,TRUE,FALSE,FALSE,NA,NA,NA,NA,NA,NA,NA,NA
rs1389799,G,A,G,A,0.04184,0.016,NA,0.338428,FALSE,FALSE,FALSE,pvjE15,12,65824846,0.0147,1.08844,0.2749,63926,AD,TRUE,reported,12,65824846,0.004032,1.38e-18,SAsnoring,TRUE,reported,SEc4H6,2,TRUE,FALSE,FALSE,NA,NA,NA,NA,NA,NA,NA,NA
rs1403848,C,A,C,A,-0.01569,0.0126,NA,0.492159,FALSE,FALSE,FALSE,pvjE15,3,77609655,0.0143,-0.8811188811188811,0.3778,63926,AD,TRUE,reported,3,77609655,0.003962,9.3e-9,SAsnoring,TRUE,reported,SEc4H6,2,TRUE,FALSE,FALSE,NA,NA,NA,NA,NA,NA,NA,NA
rs1428381,G,A,G,A,0.015265,0.0258,NA,0.702104,FALSE,FALSE,FALSE,pvjE15,5,122693901,0.0157,1.64331,0.09961,63926,AD,TRUE,reported,5,122693901,0.004283,4.83e-9,SAsnoring,TRUE,reported,SEc4H6,2,TRUE,FALSE,FALSE,NA,NA,NA,NA,NA,NA,NA,NA
rs1444789,T,C,T,C,-0.03701,0.0104,NA,0.78657,FALSE,FALSE,FALSE,pvjE15,10,9064361,0.0185,-0.562162,0.5748,63926,AD,TRUE,reported,10,9064361,0.005042,1.1e-9,SAsnoring,TRUE,reported,SEc4H6,2,TRUE,FALSE,FALSE,NA,NA,NA,NA,NA,NA,NA,NA
rs1537818,G,A,G,A,-0.01755,0.0284,NA,0.31275,FALSE,FALSE,FALSE,pvjE15,1,39647038,0.0155,-1.832258064516129,0.06627000000000001,63926,AD,TRUE,reported,1,39647038,0.004182,1.31e-9,SAsnoring,TRUE,reported,SEc4H6,2,TRUE,FALSE,FALSE,NA,NA,NA,NA,NA,NA,NA,NA
rs1815739,T,C,T,C,0.018979,0.0081,NA,0.37536400000000003,FALSE,FALSE,FALSE,pvjE15,11,66328095,0.0143,-0.566434,0.5718,63926,AD,TRUE,reported,11,66328095,0.003906,2.1e-8,SAsnoring,TRUE,reported,SEc4H6,2,TRUE,FALSE,FALSE,NA,NA,NA,NA,NA,NA,NA,NA
rs227731,T,G,T,G,-0.02603,0.0047,NA,0.543739,FALSE,FALSE,FALSE,pvjE15,17,54773238,0.0144,-0.326389,0.7444,63926,AD,TRUE,reported,17,54773238,0.003896,3.96e-9,SAsnoring,TRUE,reported,SEc4H6,2,TRUE,FALSE,FALSE,NA,NA,NA,NA,NA,NA,NA,NA
rs2715039,C,A,C,A,-0.01611,-0.0034,NA,0.370774,FALSE,FALSE,FALSE,pvjE15,7,84094964,0.0143,-0.237762,0.8113,63926,AD,TRUE,reported,7,84094964,0.003952,2.04e-8,SAsnoring,TRUE,reported,SEc4H6,2,TRUE,FALSE,FALSE,NA,NA,NA,NA,NA,NA,NA,NA
rs28758996,G,A,G,A,-0.01282,-0.016,NA,0.48628899999999997,FALSE,FALSE,FALSE,pvjE15,12,121960480,0.0159,1.0062893081761006,0.3162,63926,AD,TRUE,reported,12,121960480,0.003963,1.21e-8,SAsnoring,TRUE,reported,SEc4H6,2,TRUE,FALSE,FALSE,NA,NA,NA,NA,NA,NA,NA,NA
rs35445111,G,A,G,A,0.04751,-0.0203,NA,0.0807623,FALSE,FALSE,FALSE,pvjE15,19,32172047,0.0245,-0.828571,0.4085,63926,AD,TRUE,reported,19,32172047,0.006817,1.62e-11,SAsnoring,TRUE,reported,SEc4H6,2,TRUE,FALSE,FALSE,NA,NA,NA,NA,NA,NA,NA,NA
rs4076077,T,C,T,C,-0.01797,-0.0114,NA,0.569197,FALSE,FALSE,FALSE,pvjE15,5,170863509,0.0143,-0.7972027972027972,0.4252,63926,AD,TRUE,reported,5,170863509,0.003882,4.26e-9,SAsnoring,TRUE,reported,SEc4H6,2,TRUE,FALSE,FALSE,NA,NA,NA,NA,NA,NA,NA,NA
rs4554968,G,A,G,A,0.013381,-0.0098,NA,0.583878,FALSE,FALSE,FALSE,pvjE15,12,4372609,0.0153,-0.640523,0.5194,63926,AD,TRUE,reported,12,4372609,0.004011,4.47e-8,SAsnoring,TRUE,reported,SEc4H6,2,TRUE,FALSE,FALSE,NA,NA,NA,NA,NA,NA,NA,NA
rs4923536,G,A,G,A,0.025071,-0.0101,NA,0.457485,FALSE,FALSE,FALSE,pvjE15,11,28422496,0.0143,-0.706294,0.4832,63926,AD,TRUE,reported,11,28422496,0.003915,7.51e-11,SAsnoring,TRUE,reported,SEc4H6,2,TRUE,FALSE,FALSE,NA,NA,NA,NA,NA,NA,NA,NA
rs4987719,T,C,T,C,0.061094999999999997,-0.0202,NA,0.0210603,FALSE,FALSE,FALSE,pvjE15,18,60960310,0.0511,-0.3953033268101761,0.6931,63926,AD,TRUE,reported,18,60960310,0.01068,4.72e-9,SAsnoring,TRUE,reported,SEc4H6,2,TRUE,FALSE,FALSE,NA,NA,NA,NA,NA,NA,NA,NA
rs592333,G,A,G,A,-0.03997,0.0195,NA,0.489269,FALSE,FALSE,FALSE,pvjE15,13,51340315,0.0147,1.32653,0.1848,63926,AD,TRUE,reported,13,51340315,0.004068,1.69e-14,SAsnoring,TRUE,reported,SEc4H6,2,TRUE,FALSE,FALSE,NA,NA,NA,NA,NA,NA,NA,NA
rs6038517,G,A,G,A,-0.01703,0.0074,NA,0.290999,FALSE,FALSE,FALSE,pvjE15,20,6458205,0.0169,0.43787,0.6614,63926,AD,TRUE,reported,20,6458205,0.0046,2.19e-8,SAsnoring,TRUE,reported,SEc4H6,2,TRUE,FALSE,FALSE,NA,NA,NA,NA,NA,NA,NA,NA
rs6113592,G,A,G,A,0.019892,0.0275,NA,0.417664,FALSE,FALSE,FALSE,pvjE15,20,22229505,0.015,1.83333,0.06756000000000001,63926,AD,TRUE,reported,20,22229505,0.003998,7.82e-11,SAsnoring,TRUE,reported,SEc4H6,2,TRUE,FALSE,FALSE,NA,NA,NA,NA,NA,NA,NA,NA
rs6265,T,C,T,C,-0.02198,0.0228,NA,0.16364,FALSE,FALSE,FALSE,pvjE15,11,27679916,0.0179,1.2737430167597763,0.2019,63926,AD,TRUE,reported,11,27679916,0.00501,1.79e-14,SAsnoring,TRUE,reported,SEc4H6,2,TRUE,FALSE,FALSE,NA,NA,NA,NA,NA,NA,NA,NA
rs633715,T,C,T,C,-0.02466,-0.0085,NA,0.823091,FALSE,FALSE,FALSE,pvjE15,1,177852580,0.0182,0.467033,0.6399,63926,AD,TRUE,reported,1,177852580,0.004898,3.49e-8,SAsnoring,TRUE,reported,SEc4H6,2,TRUE,FALSE,FALSE,NA,NA,NA,NA,NA,NA,NA,NA
rs7005777,T,G,T,G,0.017513,0.0052,NA,0.743008,FALSE,FALSE,FALSE,pvjE15,8,78233600,0.0163,0.31901840490797545,0.7517,63926,AD,TRUE,reported,8,78233600,0.00433,1.12e-8,SAsnoring,TRUE,reported,SEc4H6,2,TRUE,FALSE,FALSE,NA,NA,NA,NA,NA,NA,NA,NA
rs72902175,T,C,T,C,0.035999,0.0117,NA,0.129811,FALSE,FALSE,FALSE,pvjE15,2,157013035,0.0217,0.5391705069124424,0.5893,63926,AD,TRUE,reported,2,157013035,0.005866,3.67e-14,SAsnoring,TRUE,reported,SEc4H6,2,TRUE,FALSE,FALSE,NA,NA,NA,NA,NA,NA,NA,NA
rs8045335,G,A,G,A,-0.02374,0.0116,NA,0.574128,FALSE,FALSE,FALSE,pvjE15,16,60607116,0.0144,0.805556,0.419,63926,AD,TRUE,reported,16,60607116,0.003922,1.24e-8,SAsnoring,TRUE,reported,SEc4H6,2,TRUE,FALSE,FALSE,NA,NA,NA,NA,NA,NA,NA,NA
rs8176749,T,C,T,C,-0.03212,-0.002,NA,0.147166,FALSE,FALSE,FALSE,pvjE15,9,136131188,0.0272,-0.07352941176470588,0.94,63926,AD,TRUE,reported,9,136131188,0.007433,3.78e-9,SAsnoring,TRUE,reported,SEc4H6,2,TRUE,FALSE,FALSE,NA,NA,NA,NA,NA,NA,NA,NA
rs9933881,T,C,T,C,-0.03664,0.001,NA,0.9173913,FALSE,FALSE,FALSE,pvjE15,16,1740691,0.0272,-0.0367647,0.9712,63926,AD,TRUE,reported,16,1740691,0.007183,2.54e-8,SAsnoring,TRUE,reported,SEc4H6,2,TRUE,FALSE,FALSE,NA,NA,NA,NA,NA,NA,NA,NA
rs10878269,T,C,T,C,0.00885643,0.0157,0.36426,0.340007,FALSE,FALSE,FALSE,pvjE15,12,65791463,0.0147,1.0680272108843536,0.2836,63926,AD,TRUE,reported,12,65791463,0.00108623,2.3e-16,Snoring,TRUE,reported,fM1Jjx,2,TRUE,FALSE,FALSE,NA,NA,NA,NA,NA,NA,NA,NA
rs11018488,T,A,T,A,-0.00678037,-0.0112,0.373309,0.267634,FALSE,TRUE,FALSE,pvjE15,11,88861590,0.0166,-0.674699,0.4995,63926,AD,TRUE,reported,11,88861590,0.00109873,5.3e-10,Snoring,TRUE,reported,fM1Jjx,2,TRUE,FALSE,FALSE,NA,NA,NA,NA,NA,NA,NA,NA
rs1108431,T,C,T,C,0.00659375,-0.0373,0.373169,0.408163,FALSE,FALSE,FALSE,pvjE15,16,31054607,0.0149,-2.503355704697986,0.01224,63926,AD,TRUE,reported,16,31054607,0.00107941,1.2e-9,Snoring,TRUE,reported,fM1Jjx,2,TRUE,FALSE,FALSE,NA,NA,NA,NA,NA,NA,NA,NA
rs12119849,A,G,A,G,0.0122562,0.0386,0.087458,0.10984,FALSE,FALSE,FALSE,pvjE15,1,96878072,0.027,1.4296296296296296,0.1535,63926,AD,TRUE,reported,1,96878072,0.00186046,4.1e-11,Snoring,TRUE,reported,fM1Jjx,2,TRUE,FALSE,FALSE,NA,NA,NA,NA,NA,NA,NA,NA
rs12429765,G,A,G,A,-0.00679952,0.009,0.491991,0.51362,FALSE,FALSE,FALSE,pvjE15,13,40745860,0.0145,0.62069,0.5354,63926,AD,TRUE,reported,13,40745860,0.0010508,6.199999999999999e-11,Snoring,TRUE,reported,fM1Jjx,2,TRUE,FALSE,FALSE,NA,NA,NA,NA,NA,NA,NA,NA
rs13156484,A,G,A,G,-0.00579606,0.0247,0.471755,0.535209,FALSE,FALSE,FALSE,pvjE15,5,122653399,0.0144,1.715277777777778,0.08546000000000001,63926,AD,TRUE,reported,5,122653399,0.00105642,2.7e-8,Snoring,TRUE,reported,fM1Jjx,2,TRUE,FALSE,FALSE,NA,NA,NA,NA,NA,NA,NA,NA
rs13251292,G,A,G,A,0.00737472,-0.0287,0.411138,0.451619,FALSE,FALSE,FALSE,pvjE15,8,71474355,0.0151,-1.90066,0.05676,63926,AD,TRUE,reported,8,71474355,0.00106717,4.3e-12,Snoring,TRUE,reported,fM1Jjx,2,TRUE,FALSE,FALSE,NA,NA,NA,NA,NA,NA,NA,NA
rs1374895,T,C,T,C,-0.00647737,-0.0124,0.545455,0.496736,FALSE,FALSE,FALSE,pvjE15,3,77615539,0.0143,-0.8671328671328671,0.3862,63926,AD,TRUE,reported,3,77615539,0.00105131,4.5e-10,Snoring,TRUE,reported,fM1Jjx,2,TRUE,FALSE,FALSE,NA,NA,NA,NA,NA,NA,NA,NA
rs1416685,C,G,C,G,0.00621289,-0.01,0.407832,0.309371,FALSE,TRUE,FALSE,pvjE15,1,51243374,0.0144,-0.6944444444444445,0.4863,63926,AD,TRUE,reported,1,51243374,0.00106412,5.3e-9,Snoring,TRUE,reported,fM1Jjx,2,TRUE,FALSE,FALSE,NA,NA,NA,NA,NA,NA,NA,NA
rs1609721,C,T,C,T,-0.00606085,0.0017,0.399495,0.404232,FALSE,FALSE,FALSE,pvjE15,3,94009049,0.0147,0.115646,0.908,63926,AD,TRUE,reported,3,94009049,0.00106787,8e-9,Snoring,TRUE,reported,fM1Jjx,2,TRUE,FALSE,FALSE,NA,NA,NA,NA,NA,NA,NA,NA
rs1641511,A,G,A,G,-0.00714582,-0.0026,0.759472,0.769567,FALSE,FALSE,FALSE,pvjE15,17,7559677,0.0174,-0.14942528735632185,0.8819,63926,AD,TRUE,reported,17,7559677,0.00123353,5e-9,Snoring,TRUE,reported,fM1Jjx,2,TRUE,FALSE,FALSE,NA,NA,NA,NA,NA,NA,NA,NA
rs17060460,G,A,G,A,0.00709136,0.004,0.226648,0.26446,FALSE,FALSE,FALSE,pvjE15,6,100827834,0.0171,0.233918,0.8127,63926,AD,TRUE,reported,6,100827834,0.00124704,1.4e-8,Snoring,TRUE,reported,fM1Jjx,2,TRUE,FALSE,FALSE,NA,NA,NA,NA,NA,NA,NA,NA
rs17151229,C,G,C,G,0.0065399,-0.0326,0.341229,0.430778,FALSE,TRUE,TRUE,pvjE15,7,127382155,0.0152,-2.144736842105263,0.03229,63926,AD,TRUE,reported,7,127382155,0.00110239,1.9e-9,Snoring,TRUE,reported,fM1Jjx,2,FALSE,FALSE,FALSE,NA,NA,NA,NA,NA,NA,NA,NA
rs17680229,A,G,A,G,-0.00907807,-0.0128,0.154745,0.135556,FALSE,FALSE,FALSE,pvjE15,17,46129762,0.0214,-0.5981308411214954,0.5495,63926,AD,TRUE,reported,17,46129762,0.00145122,4.2999999999999996e-10,Snoring,TRUE,reported,fM1Jjx,2,TRUE,FALSE,FALSE,NA,NA,NA,NA,NA,NA,NA,NA
rs180110,A,G,A,G,0.00680144,0.00699999999999999,0.590332,0.576588,FALSE,FALSE,FALSE,pvjE15,17,67930613,0.0145,0.4827586206896551,0.631,63926,AD,TRUE,reported,17,67930613,0.00105997,2.1e-10,Snoring,TRUE,reported,fM1Jjx,2,TRUE,FALSE,FALSE,NA,NA,NA,NA,NA,NA,NA,NA
rs2049045,C,G,C,G,-0.00834105,0.0301,0.186316,0.163462,FALSE,TRUE,FALSE,pvjE15,11,27694241,0.0189,1.5925925925925926,0.1104,63926,AD,TRUE,reported,11,27694241,0.00134145,8.800000000000001e-10,Snoring,TRUE,reported,fM1Jjx,2,TRUE,FALSE,FALSE,NA,NA,NA,NA,NA,NA,NA,NA
rs2207944,C,T,C,T,0.00594528,-0.0047,0.454561,0.493459,FALSE,FALSE,FALSE,pvjE15,6,84307328,0.0144,-0.326389,0.7422,63926,AD,TRUE,reported,6,84307328,0.00106471,2e-8,Snoring,TRUE,reported,fM1Jjx,2,TRUE,FALSE,FALSE,NA,NA,NA,NA,NA,NA,NA,NA
rs2307111,C,T,C,T,-0.00766743,0.005,0.39327,0.410047,FALSE,FALSE,FALSE,pvjE15,5,75003678,0.0145,0.344828,0.7292,63926,AD,TRUE,reported,5,75003678,0.00106982,4.8e-13,Snoring,TRUE,reported,fM1Jjx,2,TRUE,FALSE,FALSE,NA,NA,NA,NA,NA,NA,NA,NA
rs2664299,C,T,C,T,-0.00750294,0.0041,0.42078,0.469543,FALSE,FALSE,FALSE,pvjE15,14,99742187,0.0146,0.280822,0.7807,63926,AD,TRUE,reported,14,99742187,0.00106064,1.1e-12,Snoring,TRUE,reported,fM1Jjx,2,TRUE,FALSE,FALSE,NA,NA,NA,NA,NA,NA,NA,NA
rs34811474,A,G,A,G,-0.00799627,-0.0012,0.232211,0.210488,FALSE,FALSE,FALSE,pvjE15,4,25408838,0.0213,-0.05633802816901408,0.9546,63926,AD,TRUE,reported,4,25408838,0.00123692,1.3000000000000002e-10,Snoring,TRUE,reported,fM1Jjx,2,TRUE,FALSE,FALSE,NA,NA,NA,NA,NA,NA,NA,NA
rs4744369,A,T,A,T,0.00582525,-0.0104,0.587017,0.556463,FALSE,TRUE,TRUE,pvjE15,9,97475396,0.0145,-0.7172413793103447,0.4728,63926,AD,TRUE,reported,9,97475396,0.00106803,4e-8,Snoring,TRUE,reported,fM1Jjx,2,FALSE,FALSE,FALSE,NA,NA,NA,NA,NA,NA,NA,NA
rs4976269,A,G,A,G,-0.00684392,0.0042,0.328799,0.359687,FALSE,FALSE,FALSE,pvjE15,5,134452597,0.0152,0.2763157894736842,0.7847,63926,AD,TRUE,reported,5,134452597,0.00111414,8.599999999999997e-10,Snoring,TRUE,reported,fM1Jjx,2,TRUE,FALSE,FALSE,NA,NA,NA,NA,NA,NA,NA,NA
rs4987719,T,C,T,C,0.0162248,-0.0202,0.033448,0.0210603,FALSE,FALSE,FALSE,pvjE15,18,60960310,0.0511,-0.3953033268101761,0.6931,63926,AD,TRUE,reported,18,60960310,0.00290619,3.5e-8,Snoring,TRUE,reported,fM1Jjx,2,TRUE,FALSE,FALSE,NA,NA,NA,NA,NA,NA,NA,NA
rs57222984,G,A,G,A,0.00843452,-0.0322,0.243725,0.168302,FALSE,FALSE,FALSE,pvjE15,17,43758898,0.0172,-1.87209,0.06175,63926,AD,TRUE,reported,17,43758898,0.00122014,5.4000000000000004e-12,Snoring,TRUE,reported,fM1Jjx,2,TRUE,FALSE,FALSE,NA,NA,NA,NA,NA,NA,NA,NA
rs592333,G,A,G,A,0.00905794,0.0195,0.443919,0.489269,FALSE,FALSE,FALSE,pvjE15,13,51340315,0.0147,1.32653,0.1848,63926,AD,TRUE,reported,13,51340315,0.0010512,1e-17,Snoring,TRUE,reported,fM1Jjx,2,TRUE,FALSE,FALSE,NA,NA,NA,NA,NA,NA,NA,NA
rs6054427,A,G,A,G,0.00631646,-0.0279,0.620808,0.683733,FALSE,FALSE,FALSE,pvjE15,20,6635266,0.0152,-1.8355263157894737,0.06604,63926,AD,TRUE,reported,20,6635266,0.00108007,4e-9,Snoring,TRUE,reported,fM1Jjx,2,TRUE,FALSE,FALSE,NA,NA,NA,NA,NA,NA,NA,NA
rs6099273,T,C,T,C,0.00668196,0.0024,0.252129,0.247279,FALSE,FALSE,FALSE,pvjE15,20,55347828,0.018,0.1333333333333333,0.8956,63926,AD,TRUE,reported,20,55347828,0.00120584,2.6e-8,Snoring,TRUE,reported,fM1Jjx,2,TRUE,FALSE,FALSE,NA,NA,NA,NA,NA,NA,NA,NA
rs61597598,A,G,A,G,0.0118947,0.0152,0.135665,0.131378,FALSE,FALSE,FALSE,pvjE15,2,156996626,0.0217,0.7004608294930875,0.4841,63926,AD,TRUE,reported,2,156996626,0.0015291999999999,5.1e-15,Snoring,TRUE,reported,fM1Jjx,2,TRUE,FALSE,FALSE,NA,NA,NA,NA,NA,NA,NA,NA
rs725861,G,A,G,A,0.00908198,-0.0094,0.188021,0.215686,FALSE,FALSE,FALSE,pvjE15,10,9063776,0.0184,-0.51087,0.6082,63926,AD,TRUE,reported,10,9063776,0.00133779,1e-11,Snoring,TRUE,reported,fM1Jjx,2,TRUE,FALSE,FALSE,NA,NA,NA,NA,NA,NA,NA,NA
rs8069947,T,C,T,C,-0.00660598,-0.0435,0.445942,0.428441,FALSE,FALSE,FALSE,pvjE15,17,1985843,0.0144,-3.020833333333333,0.002513,63926,AD,TRUE,reported,17,1985843,0.00105133,2.7999999999999996e-10,Snoring,TRUE,reported,fM1Jjx,2,TRUE,FALSE,FALSE,NA,NA,NA,NA,NA,NA,NA,NA
rs8108822,T,C,T,C,-0.0108729,-0.0148,0.095073,0.0825472,FALSE,FALSE,FALSE,pvjE15,19,32183171,0.0239,-0.6192468619246861,0.5378,63926,AD,TRUE,reported,19,32183171,0.00178271,6.2e-10,Snoring,TRUE,reported,fM1Jjx,2,TRUE,FALSE,FALSE,NA,NA,NA,NA,NA,NA,NA,NA
rs947612,A,G,A,G,-0.0067289,-7e-4,0.752976,0.737024,FALSE,FALSE,FALSE,pvjE15,6,73738661,0.0166,-0.04216867469879518,0.9667,63926,AD,TRUE,reported,6,73738661,0.00121018,1.5e-8,Snoring,TRUE,reported,fM1Jjx,2,TRUE,FALSE,FALSE,NA,NA,NA,NA,NA,NA,NA,NA
rs9583546,C,G,C,G,0.00586789,9e-4,0.632219,0.692042,FALSE,TRUE,FALSE,pvjE15,13,111566412,0.0151,0.05960264900662251,0.9514,63926,AD,TRUE,reported,13,111566412,0.00108049,4e-8,Snoring,TRUE,reported,fM1Jjx,2,TRUE,FALSE,FALSE,NA,NA,NA,NA,NA,NA,NA,NA
rs10835317,G,A,G,A,-0.00584562,0.0126,0.514587,0.439883,FALSE,FALSE,FALSE,pvjE15,11,28389701,0.0157,0.802548,0.4205,63926,AD,TRUE,reported,11,28389701,0.00104254,2.3e-8,SnoringBMIadj,TRUE,reported,5EWRaH,2,TRUE,FALSE,FALSE,NA,NA,NA,NA,NA,NA,NA,NA
rs10844664,G,C,G,C,0.00582828,-0.0168,0.412282,0.378854,FALSE,TRUE,FALSE,pvjE15,12,33781709,0.0146,-1.15068,0.2485,63926,AD,TRUE,reported,12,33781709,0.00104632,2.1e-8,SnoringBMIadj,TRUE,reported,5EWRaH,2,TRUE,FALSE,FALSE,NA,NA,NA,NA,NA,NA,NA,NA
rs10878269,T,C,T,C,0.009207,0.0157,0.364298,0.340007,FALSE,FALSE,FALSE,pvjE15,12,65791463,0.0147,1.0680272108843536,0.2836,63926,AD,TRUE,reported,12,65791463,0.00106846,4.9e-18,SnoringBMIadj,TRUE,reported,5EWRaH,2,TRUE,FALSE,FALSE,NA,NA,NA,NA,NA,NA,NA,NA
rs11018434,A,G,A,G,-0.00616709,-0,0.48257,0.451197,FALSE,FALSE,FALSE,pvjE15,11,88765779,0.0144,-0,0.9993,63926,AD,TRUE,reported,11,88765779,0.00103336,2.8000000000000003e-9,SnoringBMIadj,TRUE,reported,5EWRaH,2,TRUE,FALSE,FALSE,NA,NA,NA,NA,NA,NA,NA,NA
rs12119849,A,G,A,G,0.0107355,0.0386,0.087458,0.10984,FALSE,FALSE,FALSE,pvjE15,1,96878072,0.027,1.4296296296296296,0.1535,63926,AD,TRUE,reported,1,96878072,0.00183022,3.9e-9,SnoringBMIadj,TRUE,reported,5EWRaH,2,TRUE,FALSE,FALSE,NA,NA,NA,NA,NA,NA,NA,NA
rs12429765,G,A,G,A,-0.00697952,0.009,0.491938,0.51362,FALSE,FALSE,FALSE,pvjE15,13,40745860,0.0145,0.62069,0.5354,63926,AD,TRUE,reported,13,40745860,0.00103374,9.7e-12,SnoringBMIadj,TRUE,reported,5EWRaH,2,TRUE,FALSE,FALSE,NA,NA,NA,NA,NA,NA,NA,NA
rs13251292,G,A,G,A,0.00671927,-0.0287,0.411175,0.451619,FALSE,FALSE,FALSE,pvjE15,8,71474355,0.0151,-1.90066,0.05676,63926,AD,TRUE,reported,8,71474355,0.00104985,1.5e-10,SnoringBMIadj,TRUE,reported,5EWRaH,2,TRUE,FALSE,FALSE,NA,NA,NA,NA,NA,NA,NA,NA
rs1374895,T,C,T,C,-0.00577816,-0.0124,0.545481,0.496736,FALSE,FALSE,FALSE,pvjE15,3,77615539,0.0143,-0.8671328671328671,0.3862,63926,AD,TRUE,reported,3,77615539,0.00103426,1.5e-8,SnoringBMIadj,TRUE,reported,5EWRaH,2,TRUE,FALSE,FALSE,NA,NA,NA,NA,NA,NA,NA,NA
rs180110,A,G,A,G,0.00647091,0.00699999999999999,0.590355,0.576588,FALSE,FALSE,FALSE,pvjE15,17,67930613,0.0145,0.4827586206896551,0.631,63926,AD,TRUE,reported,17,67930613,0.00104279,6.9e-10,SnoringBMIadj,TRUE,reported,5EWRaH,2,TRUE,FALSE,FALSE,NA,NA,NA,NA,NA,NA,NA,NA
rs183066,T,C,T,C,0.00574278,-0.01399999999999999,0.592808,0.563344,FALSE,FALSE,FALSE,pvjE15,9,97517432,0.0144,-0.972222222222222,0.3319,63926,AD,TRUE,reported,9,97517432,0.00104459,3.6e-8,SnoringBMIadj,TRUE,reported,5EWRaH,2,TRUE,FALSE,FALSE,NA,NA,NA,NA,NA,NA,NA,NA
rs227727,T,A,T,A,0.00616685,-0.0057,0.457913,0.454612,FALSE,TRUE,TRUE,pvjE15,17,54776955,0.0145,-0.393103,0.695,63926,AD,TRUE,reported,17,54776955,0.00103251,2.2e-9,SnoringBMIadj,TRUE,reported,5EWRaH,2,FALSE,FALSE,FALSE,NA,NA,NA,NA,NA,NA,NA,NA
rs2664303,T,C,T,C,-0.00731211,0.0045,0.423356,0.470867,FALSE,FALSE,FALSE,pvjE15,14,99750520,0.0151,0.29801324503311255,0.7637,63926,AD,TRUE,reported,14,99750520,0.00105128,3.1e-12,SnoringBMIadj,TRUE,reported,5EWRaH,2,TRUE,FALSE,FALSE,NA,NA,NA,NA,NA,NA,NA,NA
rs3862266,A,G,A,G,0.00722361,0.0085,0.305696,0.222364,FALSE,FALSE,FALSE,pvjE15,1,50822435,0.0156,0.5448717948717949,0.5858,63926,AD,TRUE,reported,1,50822435,0.00111961,1.2e-10,SnoringBMIadj,TRUE,reported,5EWRaH,2,TRUE,FALSE,FALSE,NA,NA,NA,NA,NA,NA,NA,NA
rs4961747,A,G,A,G,-0.00722829,0.0019,0.198335,0.218977,FALSE,FALSE,FALSE,pvjE15,9,16744269,0.0192,0.09895833333333334,0.9196,63926,AD,TRUE,reported,9,16744269,0.00129035,2.6e-8,SnoringBMIadj,TRUE,reported,5EWRaH,2,TRUE,FALSE,FALSE,NA,NA,NA,NA,NA,NA,NA,NA
rs4976269,A,G,A,G,-0.00724154,0.0042,0.328798,0.359687,FALSE,FALSE,FALSE,pvjE15,5,134452597,0.0152,0.2763157894736842,0.7847,63926,AD,TRUE,reported,5,134452597,0.00109614,4.5e-11,SnoringBMIadj,TRUE,reported,5EWRaH,2,TRUE,FALSE,FALSE,NA,NA,NA,NA,NA,NA,NA,NA
rs592333,G,A,G,A,0.00892623,0.0195,0.443923,0.489269,FALSE,FALSE,FALSE,pvjE15,13,51340315,0.0147,1.32653,0.1848,63926,AD,TRUE,reported,13,51340315,0.00103411,7.9e-18,SnoringBMIadj,TRUE,reported,5EWRaH,2,TRUE,FALSE,FALSE,NA,NA,NA,NA,NA,NA,NA,NA
rs6099273,T,C,T,C,0.00652328,0.0024,0.252159,0.247279,FALSE,FALSE,FALSE,pvjE15,20,55347828,0.018,0.1333333333333333,0.8956,63926,AD,TRUE,reported,20,55347828,0.00118614,3.8e-8,SnoringBMIadj,TRUE,reported,5EWRaH,2,TRUE,FALSE,FALSE,NA,NA,NA,NA,NA,NA,NA,NA
rs6117259,C,T,C,T,0.00766575,-0.0123,0.186787,0.198,FALSE,FALSE,FALSE,pvjE15,20,6420731,0.0185,-0.664865,0.5061,63926,AD,TRUE,reported,20,6420731,0.00131697,6.4e-9,SnoringBMIadj,TRUE,reported,5EWRaH,2,TRUE,FALSE,FALSE,NA,NA,NA,NA,NA,NA,NA,NA
rs61597598,A,G,A,G,0.0106252,0.0152,0.135673,0.131378,FALSE,FALSE,FALSE,pvjE15,2,156996626,0.0217,0.7004608294930875,0.4841,63926,AD,TRUE,reported,2,156996626,0.00150449,1.1e-12,SnoringBMIadj,TRUE,reported,5EWRaH,2,TRUE,FALSE,FALSE,NA,NA,NA,NA,NA,NA,NA,NA
rs62330353,G,A,G,A,0.00748031,0.0018,0.204743,0.171402,FALSE,FALSE,FALSE,pvjE15,5,706557,0.0272,0.0661765,0.9469,63926,AD,TRUE,reported,5,706555,0.00135391,3.5e-8,SnoringBMIadj,TRUE,reported,5EWRaH,2,TRUE,FALSE,FALSE,NA,TRUE,rs62330353,rs62330354,A,T,G,C
rs7209589,G,A,G,A,0.00858393,0.0131,0.773474,0.757807,FALSE,FALSE,FALSE,pvjE15,17,44819595,0.0198,-0.661616,0.5096,63926,AD,TRUE,reported,17,44369420,0.00129353,3.2e-11,SnoringBMIadj,TRUE,reported,5EWRaH,2,TRUE,FALSE,FALSE,NA,TRUE,rs7209589,rs17698176,A,G,G,T
rs725861,G,A,G,A,0.00938416,-0.0094,0.188023,0.215686,FALSE,FALSE,FALSE,pvjE15,10,9063776,0.0184,-0.51087,0.6082,63926,AD,TRUE,reported,10,9063776,0.00131613,9.7e-13,SnoringBMIadj,TRUE,reported,5EWRaH,2,TRUE,FALSE,FALSE,NA,NA,NA,NA,NA,NA,NA,NA
rs7829639,G,A,G,A,0.0071659,0.0078,0.710358,0.739779,FALSE,FALSE,FALSE,pvjE15,8,78257162,0.0162,0.481481,0.6306,63926,AD,TRUE,reported,8,78215352,0.00113633,2.4e-10,SnoringBMIadj,TRUE,reported,5EWRaH,2,TRUE,FALSE,FALSE,NA,TRUE,rs7829639,rs12682053,A,A,G,T
rs8108822,T,C,T,C,-0.0112783,-0.0148,0.095064,0.0825472,FALSE,FALSE,FALSE,pvjE15,19,32183171,0.0239,-0.6192468619246861,0.5378,63926,AD,TRUE,reported,19,32183171,0.00175377,7.7e-11,SnoringBMIadj,TRUE,reported,5EWRaH,2,TRUE,FALSE,FALSE,NA,NA,NA,NA,NA,NA,NA,NA
rs853241,T,C,T,C,0.00657548,0.0012,0.272458,0.298472,FALSE,FALSE,FALSE,pvjE15,3,64305763,0.0161,0.07453416149068322,0.9423,63926,AD,TRUE,reported,3,64305763,0.00115409,1.1000000000000001e-8,SnoringBMIadj,TRUE,reported,5EWRaH,2,TRUE,FALSE,FALSE,NA,NA,NA,NA,NA,NA,NA,NA
rs9521988,A,G,A,G,-0.00591299,0.0072,0.342029,0.290587,FALSE,FALSE,FALSE,pvjE15,13,111559742,0.0152,0.47368421052631576,0.6364,63926,AD,TRUE,reported,13,111559742,0.0010814,3.8e-8,SnoringBMIadj,TRUE,reported,5EWRaH,2,TRUE,FALSE,FALSE,NA,NA,NA,NA,NA,NA,NA,NA
rs9912001,T,C,T,C,0.00665321,0.0206,0.338264,0.323292,FALSE,FALSE,FALSE,pvjE15,17,7445372,0.0156,1.3205128205128205,0.1857,63926,AD,TRUE,reported,17,7445372,0.00108626,8.800000000000001e-10,SnoringBMIadj,TRUE,reported,5EWRaH,2,TRUE,FALSE,FALSE,NA,NA,NA,NA,NA,NA,NA,NA
